filename,upernet_precision,upernet_recall,upernet_f1,auraseg_precision,auraseg_recall,auraseg_f1
1724555962.png,1.0,1.0,1.0,1.0,1.0,1.0
1724556110.png,1.0,0.8986318407960199,0.9466098919095971,1.0,0.9067164179104478,0.9510763209393346
1724556127.png,1.0,0.9613297150610584,0.9802836388792805,1.0,0.9979647218453188,0.9989813242784381
1724556161.png,1.0,1.0,1.0,1.0,1.0,1.0
1724556178.png,1.0,1.0,1.0,1.0,1.0,1.0
1724556278.png,1.0,1.0,1.0,1.0,1.0,1.0
1724556295.png,1.0,1.0,1.0,1.0,1.0,1.0
1724556500.png,0.9518828451882845,0.9772079772079773,0.9643791768497091,0.9352791878172588,0.9779202279202279,0.9561245200012094
1724556586.png,1.0,1.0,1.0,1.0,1.0,1.0
1724556651.png,1.0,1.0,1.0,1.0,1.0,1.0
1724556700.png,1.0,1.0,1.0,1.0,1.0,1.0
1724556733.png,0.9310077519379845,0.9291217257318952,0.9300637826932054,1.0,1.0,1.0
1724556767.png,0.999219968798752,0.9992236024844721,0.9992217856383085,1.0,1.0,1.0
1724556784.png,0.98046875,0.98046875,0.98046875,1.0,1.0,1.0
1724556866.png,1.0,0.9977711738484398,0.9988843436221644,1.0,1.0,1.0
1724556964.png,1.0,1.0,1.0,1.0,1.0,1.0
1724557096.png,0.9973226238286479,0.9754098360655737,0.9862445281255736,1.0,1.0,1.0
1724557229.png,0.9697749196141479,0.9230317273795534,0.9458261578302596,1.0,0.9905992949471211,0.9952774498229044
1724557262.png,1.0,1.0,1.0,1.0,1.0,1.0
1724557294.png,1.0,1.0,1.0,1.0,1.0,1.0
1724560930.png,1.0,1.0,1.0,1.0,1.0,1.0
1724560987.png,1.0,0.9577056778679026,0.9783959751405742,1.0,0.981460023174971,0.9906432748538012
1724561096.png,0.9920977011494253,0.984516817939135,0.9882927221143228,1.0,0.9866524292578751,0.9932813759742005
1724561150.png,0.964769647696477,0.719939879759519,0.8245648675200209,0.9802440441603719,0.8291583166332666,0.8983933249532179
1724561168.png,1.0,1.0,1.0,1.0,1.0,1.0
1724561186.png,1.0,1.0,1.0,1.0,1.0,1.0
1724561223.png,1.0,1.0,1.0,1.0,1.0,1.0
1724561257.png,1.0,0.9627586206896551,0.9810260014054812,1.0,1.0,1.0
1724562614.png,1.0,1.0,1.0,1.0,1.0,1.0
1724562727.png,0.9007496251874063,0.9524253731343284,0.9258670105593343,0.9431508920471726,0.9751243781094527,0.9588711707634984
1724562922.png,0.99140625,0.99140625,0.99140625,1.0,1.0,1.0
1724562943.png,1.0,1.0,1.0,1.0,1.0,1.0
1724563018.png,1.0,0.9960346070656092,0.9980133646378906,1.0,1.0,1.0
1724563056.png,1.0,1.0,1.0,1.0,1.0,1.0
1724563184.png,0.9912600145666424,0.9864091559370529,0.9888286361199617,1.0,1.0,1.0
1724563225.png,0.9785111281657713,0.9810030395136778,0.9797554993596865,0.9877300613496932,0.9855623100303952,0.9866449950033902
1724675423.png,1.0,0.974025974025974,0.9868421052631579,1.0,0.9979494190020506,0.9989736572015053
1724675460.png,1.0,1.0,1.0,1.0,1.0,1.0
1724675496.png,1.0,1.0,1.0,1.0,1.0,1.0
1724675583.png,1.0,0.9893867924528302,0.9946650859513931,1.0,1.0,1.0
1724675619.png,1.0,1.0,1.0,1.0,1.0,1.0
1724679814.png,0.9923167848699763,0.8467261904761905,0.9137585388295563,1.0,0.9677579365079365,0.9836148222838417
1724679836.png,0.9402298850574713,0.9524361948955916,0.9462936790978633,0.8785960874568469,0.8857308584686775,0.8821490467937607
1724679902.png,0.9700325732899023,0.8064343163538874,0.8807004055548728,0.9465558194774347,0.853083109919571,0.8973919923624225
1724680255.png,1.0,0.9951236502960641,0.9975558659217877,0.9968782518210197,1.0,0.9984366857738405
1724680274.png,0.974304068522484,0.9513457556935818,0.9626880533392886,1.0,1.0,1.0
1724683329.png,1.0,1.0,1.0,1.0,1.0,1.0
1724683366.png,1.0,1.0,1.0,1.0,1.0,1.0
1724683687.png,1.0,1.0,1.0,1.0,1.0,1.0
1724683745.png,1.0,1.0,1.0,1.0,1.0,1.0
1724683801.png,1.0,1.0,1.0,1.0,1.0,1.0
1724684300.png,1.0,0.9615653389238294,0.9804061275382971,1.0,0.9790356394129979,0.989406779661017
1724685217.png,1.0,1.0,1.0,1.0,1.0,1.0
1724685289.png,0.9760479041916168,0.9771048744460856,0.9765761033232724,1.0,1.0,1.0
1724685331.png,0.993993993993994,0.9940298507462687,0.9940119220467684,0.9977578475336323,0.9977611940298508,0.9977595207789354
1724685403.png,1.0,1.0,1.0,1.0,1.0,1.0
1724685515.png,0.9986181483187471,0.9744718309859155,0.9863972405261248,1.0,0.9788732394366197,0.9893238434163701
1724685598.png,1.0,1.0,1.0,1.0,1.0,1.0
1724685614.png,0.9992603550295858,1.0,0.9996300406955235,1.0,1.0,1.0
1724685696.png,1.0,1.0,1.0,1.0,1.0,1.0
1724685711.png,1.0,1.0,1.0,1.0,1.0,1.0
1724685811.png,1.0,1.0,1.0,1.0,1.0,1.0
1724685871.png,1.0,0.9992559523809523,0.9996278377372534,1.0,1.0,1.0
1724685956.png,1.0,1.0,1.0,1.0,1.0,1.0
1724685970.png,1.0,1.0,1.0,1.0,1.0,1.0
1724686026.png,0.9198137609932747,0.8887240356083086,0.9040016738539681,0.8430182133564614,0.9371909000989119,0.8876136990915638
1724686040.png,1.0,1.0,1.0,1.0,1.0,1.0
1724686195.png,1.0,1.0,1.0,1.0,1.0,1.0
1724686222.png,1.0,1.0,1.0,1.0,1.0,1.0
1724686239.png,1.0,1.0,1.0,1.0,1.0,1.0
1724686266.png,1.0,1.0,1.0,1.0,1.0,1.0
1724686307.png,1.0,1.0,1.0,1.0,1.0,1.0
1724686338.png,1.0,1.0,1.0,1.0,1.0,1.0
firehydrant_0013.png,0.6207029741212824,0.4775379229871645,0.5397890569077282,0.8505564387917329,0.4839556592765461,0.616902016374682
firehydrant_0032.png,0.7570487483530962,0.8795609611391279,0.813719386935834,0.9953488372093023,0.5965588846039751,0.7460032814478588
firehydrant_0035.png,0.9622205088666153,0.6474108769190736,0.7740306618471893,0.9884737678855325,0.6513140775435857,0.7852319214354456
firehydrant_0037.png,0.8701478743068392,0.5535044707239688,0.6766128546774823,0.9131665880132138,0.567637727141621,0.7000895408213214
others_0001.png,0.9976558837318331,0.6691380908248378,0.8010222781349368,0.9995346672871103,0.6746987951807228,0.8056042969848776
pole_0004.png,0.9778067885117493,0.5546187683284457,0.707779890888537,1.0,0.5586510263929618,0.7168391345249294
pole_0016.png,0.9791921664626683,0.5773014757554462,0.726362212365344,0.9505428226779252,0.5695713281799016,0.7123174765513709
pole_0041.png,0.8829613500272183,0.5630779392338177,0.6876383803520383,0.9718804920913884,0.571003963011889,0.7193638003449592
pole_0049.png,0.9151689432063264,0.4929091605979302,0.6407246222810862,0.9977238239757208,0.5051743963204293,0.6707367453960065
pole_0053.png,0.9915848527349228,0.5268857356235997,0.688129119617961,1.0,0.5272591486183719,0.6904645476772616
pole_0054.png,0.9513477975016437,0.5435356200527705,0.6918150391243753,0.9986149584487535,0.5457972107048624,0.7058235745295645
pole_0065.png,0.9495073891625616,0.5686346863468634,0.7112942130127141,0.9987562189054726,0.5904059040590406,0.742116313793671
pole_0118.png,0.38365194462755436,0.265947888589398,0.3141362402192564,0.5767366720516963,0.3252470799640611,0.41593192354916736
pole_0178.png,0.848260547742413,0.6387978142076502,0.7287770240111585,0.968895800933126,0.7021857923497268,0.8142569081214132
scene01_0012.png,0.9675392670157068,0.9670781893004116,0.9673086732136931,0.9941860465116279,0.9758230452674898,0.9849189625752229
scene01_0025.png,0.9987437185929648,0.9817109144542773,0.9901540716201565,1.0,0.9823008849557522,0.9910714285714286
scene01_0037.png,0.9777097902097902,0.8577600531738119,0.9138155057812468,0.9555970149253732,0.9471585244267199,0.9513590578340828
scene01_0048.png,0.9911392405063291,0.9476605868358445,0.9689123972966942,0.9991624790619765,0.9651070578905631,0.9818395514275542
scene01_0050.png,0.9970311726867888,0.9817570811329813,0.9893351772288507,0.9985148514851485,0.9875180028804609,0.9929859818961195
scene02_0019.png,0.9816824966078698,0.9658119658119658,0.9736825651087802,0.9837177747625508,0.965154503616042,0.9743477303593588
scene02_0022.png,0.9890038809831824,0.8856004553215708,0.9344502947646213,0.9714285714285714,0.8679567444507683,0.9167823327115362
scene02_0041.png,0.9470524017467249,0.8460057747834456,0.8936818798046172,0.9699453551912568,0.8691049085659288,0.9167604451606722
scene02_0047.png,0.95,0.9061689994815967,0.9275669938975856,0.9994517543859649,0.9803006739243131,0.9897835854310613
scene03_0013.png,1.0,0.7677793904208998,0.8686371100164203,1.0,0.7677793904208998,0.8686371100164203
scene04_0007.png,0.9966178128523112,0.6440071556350626,0.7824201328619407,0.9950385887541345,0.651520572450805,0.7874458765044585
scene04_0011.png,0.9294173377546187,0.689813182939725,0.7918876575534877,0.9885114885114885,0.6922805780754318,0.8142914502096141
scene04_0020.png,0.9938063063063063,0.5782980069598228,0.7311425856303863,0.9933554817275747,0.57291996203733,0.7267089414527764
scene04_0049.png,0.9912832929782083,0.6226301534757749,0.7648525020980316,1.0,0.6244357508275654,0.7688032604668394
scene04_0052.png,0.9882257409663012,0.6768763796909493,0.8034422076150434,0.9940677966101695,0.6506622516556292,0.7865149560837786
scene04_0066.png,0.9917027417027418,0.6615096108766995,0.793631736111303,0.9982443820224719,0.6884669479606188,0.814909167672141
scene04_0067.png,0.9964507542147294,0.609282245008095,0.7561901671844647,0.9982054733064154,0.6114409066378845,0.7583574469698041
scene06_0003.png,0.9931176875430144,0.7316247582205029,0.842548393028633,1.0,0.746615087040619,0.8549280177187154
scene06_0019.png,1.0,0.69182156133829,0.8178422324763788,1.0,0.6992565055762082,0.8230146576241524
scene06_0043.png,1.0,0.6005603985056039,0.7504376580431823,1.0,0.6002490660024906,0.7501945525291829
scene06_0045.png,0.9980119284294234,0.5902758032413989,0.7418080250213364,1.0,0.5931191356269548,0.7446011065500625
scene06_0049.png,0.9976459510357816,0.7286615742278313,0.8421978802331264,1.0,0.739289272666888,0.8501050219591368
scene06_0052.png,1.0,0.7009529147982063,0.8241884989289834,0.9995916700694161,0.7065582959641256,0.8279105601790884
scene06_0066.png,0.9935483870967742,0.7574052132701422,0.8595530205546806,0.9960191082802548,0.7668838862559242,0.8665604482044531
scene07_0007.png,0.9837595024187975,0.8038079470198676,0.8847260071208545,0.9787234042553191,0.8073951434878587,0.8848421896879294
scene07_0011.png,0.9842794759825327,0.6744118501306999,0.8004017769822713,0.9947916666666666,0.6880627359860587,0.8134739105460776
scene07_0016.png,0.9634776987718164,0.7871944739638682,0.8664607024345587,0.9708146247594612,0.7890541976620616,0.8705482420719811
scene07_0036.png,0.9726384364820847,0.8026418026418026,0.8795008819136699,0.9756410256410256,0.8093758093758093,0.8847650389594252
scene07_0044.png,0.9902945113788487,0.7925437484149125,0.8804519644689459,0.986735684244581,0.8044636063910728,0.8863256604132087
scene07_0046.png,0.9958782498414711,0.8278989948516793,0.9041527461070203,0.9990743597655045,0.8438342731061534,0.9149158792946315
scene07_0068.png,0.9939329050678087,0.7838725985844287,0.8764926956447078,1.0,0.7732558139534884,0.8721311475409836
scene08_0010.png,1.0,0.6213102951763859,0.766429840142096,1.0,0.6213102951763859,0.766429840142096
scene08_0012.png,0.9725158562367865,0.5835168291915697,0.7293926073456409,0.9840933191940615,0.5885498584460522,0.7365790179797709
scene08_0025.png,1.0,0.5440158259149357,0.7046764894298526,1.0,0.5436861193537751,0.7043998291328493
scene08_0027.png,1.0,0.5406940063091482,0.7018837018837019,1.0,0.5400630914826499,0.7013519049569849
scene08_0035.png,0.9994725738396625,0.6457201086956522,0.7845640767420771,1.0,0.6460597826086957,0.7849773008666941
scene08_0039.png,1.0,0.6142896249657815,0.7610649482787858,1.0,0.6140158773610731,0.7608548168249661
scene08_0040.png,0.9953330504879083,0.6408240715641095,0.7796725257975662,1.0,0.6413662239089184,0.7815028901734103
scene09_0009.png,0.9848914069877243,0.7578397212543554,0.8565748522438823,1.0,0.7707317073170732,0.8705234159779615
scene09_0013.png,0.9159975293390982,0.5330220146764509,0.6738996041060138,0.9670530811470409,0.5640426951300868,0.7125083024529272
scene09_0028.png,0.9718381976446493,0.5938864628820961,0.7372452695465906,0.9994890137966275,0.613391557496361,0.7602275503656571
scene09_0033.png,1.0,0.6269791006966434,0.7707279096924873,0.998389694041868,0.6247625079164028,0.7685741957839187
scene09_0051.png,0.9915102770330653,0.6108165429480382,0.7559392655262811,1.0,0.6232767762460233,0.7679242201535196
scene10_0007.png,0.9935205183585313,0.9079457364341085,0.9488074967723331,0.9868565169769989,0.8948643410852714,0.9386118063438125
scene10_0017.png,0.9896507115135834,0.7202408522464103,0.8337217248085785,0.9896507115135834,0.7207040296433534,0.8340319567212008
scene10_0022.png,0.9976878612716763,0.828978622327791,0.905542326610624,0.9982618771726536,0.8304038004750594,0.9066287696063329
scene10_0028.png,1.0,0.725596041385515,0.8409801876955162,1.0,0.7260458839406208,0.8412822517591868
scene10_0042.png,0.9987730061349693,0.8441754916792739,0.9149899680104429,1.0,0.843166918809884,0.9149110807113543
scene11_0014.png,0.9973154362416108,0.6169436562626672,0.7623155843311017,1.0,0.6205918119173085,0.7658829414707353
scene11_0023.png,0.9800844900422451,0.9287733182589033,0.9537392675683388,0.970291146761735,0.9327303561334087,0.9511400743452695
scene11_0032.png,1.0,0.8218549127640037,0.902217741935484,1.0,0.8223140495867769,0.9024943310657597
scene11_0049.png,0.6207627118644068,0.5998698763825634,0.6101374890601621,0.6184767277856136,0.597918022121015,0.608023640078745
scene11_0058.png,0.8951990632318502,0.43243243243243246,0.5831634903040488,0.8997760358342665,0.4513792142658122,0.6011747355309407
scene11_0071.png,0.9364188873305282,0.657042027590632,0.772239292027135,0.9107679107679107,0.6650625601539942,0.7687599010406868
scene11_0092.png,0.9950792782941498,0.5655039824224114,0.7211679233865167,0.9994541484716157,0.5690744301016204,0.725219556371161
scene11_0093.png,1.0,0.6610703043022036,0.7959570435881239,1.0,0.6511017838405037,0.78868763902129
scene11_0095.png,1.0,0.5403295750216826,0.7015765765765766,0.997610513739546,0.5672159583694709,0.7232247328581939
scene11_0111.png,0.9921218487394958,0.8186368887177512,0.8970687554119068,0.936757013789824,0.7916827108201772,0.8581315524025891
scene11_0127.png,0.9572072072072072,0.8355104015481374,0.8922281726386602,0.9414532148457919,0.8369617803580067,0.8861377810535231
scene11_0130.png,0.9895233106338397,0.6679040548258138,0.7975090134145529,0.994288681204569,0.6464877213021131,0.7835259244908689
scene11_0142.png,0.6351091142490373,0.6267692307692307,0.6309116129362436,0.9878726629610914,0.6258461538461538,0.7662503531156457
scene11_0144.png,0.9838187702265372,0.816557883888698,0.892418785046902,0.9336870026525199,0.7835795259361045,0.8520727641648745
scene11_0149.png,0.9339188624006691,0.6850273889227023,0.7903412472811044,0.9635210150674068,0.7172854534388314,0.8223666687868925
scene12_0007.png,0.9344894026974951,0.6847079037800687,0.7903326882597632,0.9590218109715797,0.6817010309278351,0.796924551211538
scene12_0023.png,0.9994114184814596,0.6413963328631875,0.7813454297863816,1.0,0.652327221438646,0.7895860008536065
scene12_0041.png,0.9947460595446584,0.6334340382678751,0.77400038778877,1.0,0.6482040953340047,0.7865580448065173
scene12_0046.png,1.0,0.6043004747277296,0.7533507397737162,1.0,0.6017872102764591,0.75139470013947
scene12_0050.png,0.9974133471288154,0.60741885625966,0.7550293086740222,0.9984366857738406,0.6058732612055642,0.7541262111551785
scene12_0051.png,1.0,0.6108217592592593,0.7583977007364828,1.0,0.6053240740740741,0.7541456380677722
scene12_0069.png,1.0,0.578437917222964,0.7329245083527174,1.0,0.5771028037383178,0.731851851851852
scene12_0080.png,0.9874928936895964,0.6008078088185796,0.7470794928751988,1.0,0.5984516997643891,0.7487892187829017
scene12_0103.png,1.0,0.5644659522986519,0.7216084843128591,1.0,0.5665399239543726,0.7233009708737863
scene12_0121.png,1.0,0.5952130457653866,0.7462489694971145,1.0,0.5920568122041031,0.7437634230959855
scene12_0135.png,0.9823059360730594,0.4601960315562993,0.6267628103106613,0.983926521239954,0.4630647860387282,0.6297504646281324
scene12_0136.png,1.0,0.5336438923395446,0.6959163010462369,1.0,0.5364906832298136,0.69833249115715
scene12_0144.png,1.0,0.5719267654751525,0.7276760953965613,0.9994678020223523,0.5725079918628305,0.728005235822566
scene12_0145.png,0.9660931174089069,0.5357798165137615,0.6892902608326836,0.9682066567312468,0.5418086500655308,0.6948045351683545
scene13_0008.png,0.6104686548995739,0.31310266591038005,0.4139135960526685,0.644375,0.32387975042541123,0.4310849269547713
scene13_0018.png,0.6629994209612045,0.31424694708276796,0.42639307909983787,0.6892753623188406,0.3237449118046133,0.4405625377559055
scene13_0025.png,0.971890372452565,0.4802522402920677,0.6428466799227762,0.981184668989547,0.48921340856289414,0.6528962512587507
scene13_0034.png,0.993663594470046,0.5683143997543751,0.7230746288835135,0.9970845481049563,0.565858151673319,0.721982219223696
scene13_0045.png,0.9839779005524862,0.5681410639569635,0.7203549007684651,0.9988888888888889,0.5818888224745965,0.735387746373484
scene13_0075.png,0.9912554653341662,0.6087431693989072,0.7542756356816229,0.9968808484092326,0.614207650273224,0.7600970946096918
scene13_0076.png,0.9920948616600791,0.5793015059275873,0.7314794144076983,0.9864940911648846,0.5844280679269465,0.7340081523251848
scene13_0092.png,0.9960893854748604,0.5996048732301613,0.7485895828042479,1.0,0.6015805070793546,0.7512335526315789
scene13_0093.png,0.9755291005291006,0.5291842475386779,0.6861567801980076,0.9777777777777777,0.5228551336146273,0.6813606802359791
scene13_0115.png,0.994263862332696,0.5738575982996812,0.7277062223028481,0.958513931888545,0.5688983351044987,0.714014142493912
scene13_0120.png,0.9963465553235908,0.6136919315403423,0.7595468642629729,1.0,0.6084963325183375,0.7566026980809425
scene13_0124.png,1.0,0.6089309878213802,0.7569386038687973,1.0,0.6065629228687416,0.7551063381764582
scene13_0127.png,0.9995381062355658,0.6123946724653438,0.7594756050287322,0.9873589164785553,0.6235390051644468,0.7643647536565918
scene13_0146.png,0.999569151227919,0.6683530073074762,0.8010746122847723,1.0,0.6700393479482856,0.8024234264557388
scene13_0157.png,1.0,0.5786908077994429,0.7331274812527571,1.0,0.575208913649025,0.7303271441202476
scene14_0001.png,1.0,0.5196385123392423,0.6838975297346753,1.0,0.5192909280500522,0.6835964310226493
scene14_0004.png,1.0,0.5377426312005751,0.6993922393641888,0.9979865771812081,0.5370237239396118,0.6982916892847815
scene14_0008.png,1.0,0.5397727272727273,0.7011070110701108,1.0,0.5422979797979798,0.7032337290216947
scene14_0010.png,1.0,0.5415262028807846,0.7025844930417495,1.0,0.5424456022065584,0.7033578382674349
scene14_0016.png,1.0,0.5340706386014984,0.6962790697674418,1.0,0.5347841598287549,0.696885169688517
scene14_0078.png,1.0,0.5476353666895134,0.7077059344552701,1.0,0.5507196710075394,0.7102762430939227
scene14_0090.png,1.0,0.5140771637122002,0.6790633608815427,0.9965986394557823,0.5151199165797706,0.6791843706228899
scene14_0109.png,1.0,0.5937673900946021,0.7451117318435754,1.0,0.5918196994991652,0.7435762978500261
scene14_0112.png,1.0,0.5974477958236659,0.74800290486565,0.9970887918486172,0.5980278422273781,0.7476404495571494
scene14_0117.png,0.9932049830124575,0.5590625,0.7154226534950172,1.0,0.5615625,0.719231538923354
scene14_0120.png,1.0,0.49764209481260857,0.6645674511103745,0.9990205680705191,0.5227103499627699,0.6863215888799109
scene14_0129.png,1.0,0.5787950539331754,0.7332111314780869,0.9995621716287215,0.6101026045777427,0.7577173748999859
scene14_0132.png,0.9994913530010173,0.5980507974010632,0.7483328067522738,1.0,0.5886001181334909,0.7410299312139803
scene14_0144.png,0.9968805704099821,0.6366450886574726,0.7770421182020347,0.9964943032427696,0.6391781593019983,0.7788079937601908
scene14_0146.png,0.9988551803091014,0.5137164308403118,0.6784846606565862,0.9994222992489891,0.5160265665607855,0.680627989846644
scene15_0002.png,1.0,0.5149804602692141,0.6798509601605044,1.0,0.5149804602692141,0.6798509601605044
scene15_0019.png,1.0,0.5250709555345316,0.6885856079404467,1.0,0.5255439924314097,0.6889922480620155
scene15_0031.png,0.9996431120628123,1.0,0.9998215241834733,1.0,0.9946120689655172,0.997298757428417
scene15_0034.png,1.0,0.5791505791505791,0.7334963325183373,1.0,0.5791505791505791,0.7334963325183373
scene15_0039.png,1.0,0.5363169479090242,0.6981852913085005,1.0,0.5300807043286867,0.6928794054183648
scene15_0048.png,0.9937739463601533,0.6291192330736968,0.7704786869593278,1.0,0.6324146195326543,0.7748210680858874
scene15_0049.png,0.9137826350941105,0.5712143928035982,0.7029856400435961,0.9798154555940023,0.6300599700149925,0.7669444315397891
scene15_0091.png,0.9966397849462365,0.5553072625698324,0.7132218997194242,0.9846252402306214,0.5635009310986965,0.7167855565374429
scene15_0120.png,0.994232987312572,0.573791348600509,0.7276446845207848,0.9926303854875284,0.5871501272264631,0.7378532048437435
scene15_0140.png,0.9967320261437909,0.5387429331559694,0.6994348323076325,0.9876543209876543,0.5690056534752245,0.7220342291066092
scene15_0142.png,0.9979476654694716,0.6481306943135406,0.7858684362931149,0.995702005730659,0.6930568645931511,0.8172606785816423
scene16_0008.png,0.9949012109623965,0.6155668358714044,0.7605592568456009,0.9750145264381174,0.6345177664974619,0.7687500801735782
scene16_0028.png,0.9772462077012836,0.5681818181818182,0.7185757185757186,0.986562150055991,0.5912384716732543,0.7393754188922846
scene16_0029.png,0.9936708860759493,0.5807412309728657,0.7330554018389239,0.9898177920685959,0.6204500330906685,0.7627706052959875
scene16_0031.png,0.8564476885644768,0.5683615819209039,0.6832801739690846,0.8720050441361917,0.5499058380414312,0.6744735842202616
scene16_0043.png,0.9790096878363832,0.6718584070796461,0.7968606230999339,0.9875675675675676,0.6753982300884955,0.802182929039273
scene16_0045.png,0.9159663865546218,0.5846051758460518,0.7136996380554586,0.9685598377281948,0.6373589913735899,0.7688063805873513
scene16_0051.png,1.0,0.5666805151641047,0.7234155396446567,1.0,0.5646032405484005,0.7217206585236325
scene16_0063.png,0.9913885898815931,0.6913857677902622,0.8146451225250383,1.0,0.7067415730337079,0.8281764318630678
scene16_0074.png,0.9912524850894632,0.665721649484536,0.7965100065959205,0.9976237623762376,0.6670103092783505,0.7994854191883702
scene16_0080.png,1.0,0.5470024831500532,0.7071772529236413,0.9993324432576769,0.546647747428166,0.7067138794273261
scene16_0111.png,0.9915651358950328,0.6250364750510651,0.7667496718138881,1.0,0.6276626787277502,0.7712441735389028
scene16_0113.png,0.9961190168175937,0.5422486033519553,0.7022302583073503,0.9941935483870967,0.5429469273743017,0.7023357211965285
scene16_0119.png,0.9856991525423728,0.6236210253082414,0.7639284271883394,1.0,0.6258922777417262,0.7699062063460387
scene16_0143.png,1.0,0.576,0.730964467005076,0.9989106753812637,0.575076923076923,0.7299301191313784
scene16_0149.png,1.0,0.6002498438475953,0.7501951600312257,1.0,0.6002498438475953,0.7501951600312257
scene16_0160.png,1.0,0.5847594446238296,0.7379788101059495,1.0,0.5837907652567,0.7372069317023445
scene17_0001.png,0.9484126984126984,0.4842583576760792,0.64114755970056,0.9972337482710927,0.5277507302823758,0.6902245187590577
scene17_0007.png,0.9974683544303797,0.5365693670055756,0.6977807078222443,0.8667929292929293,0.4601508691374221,0.6011641491495294
scene17_0018.png,0.9895287958115183,0.535678391959799,0.6950782797093751,0.9973333333333333,0.5296482412060302,0.6918693122482471
scene17_0023.png,0.9633375474083439,0.5707762557077626,0.7168310423588821,0.9573400250941029,0.5504039339655779,0.698956494288487
scene17_0026.png,0.8774355751099937,0.4884363134276838,0.6275425992343391,0.8398268398268398,0.4722126337590611,0.6045196839273552
scene17_0038.png,0.9564343163538874,0.5245009074410163,0.6774782026588033,0.9966487935656837,0.5502722323049002,0.7090577311802033
scene17_0042.png,0.9921671018276762,0.5108892921960072,0.6744757554119002,0.9993485342019544,0.5444646098003629,0.7048908889559435
scene17_0045.png,0.9605831533477321,0.5675925925925925,0.7135565184276889,0.9682454251883746,0.5746913580246914,0.721276833058509
scene17_0059.png,0.9238733252131547,0.42343073593073594,0.5807098386828107,0.9288702928870293,0.4407467532467532,0.5978263295320136
scene17_0079.png,0.9838516746411483,0.5308910276311705,0.6896458729305506,0.982363315696649,0.5426886060229742,0.6991465284701743
scene17_0108.png,0.9983783783783784,0.768361581920904,0.8683967164431938,0.9831975560081466,0.7736077481840193,0.8659004449821438
scene17_0109.png,1.0,0.5121834687052078,0.6774091627172195,1.0,0.5097945532728141,0.6753164556962025
scene17_0110.png,0.9995229007633588,0.6652254478072884,0.7988091050816603,1.0,0.6680049413218035,0.8009627846695057
scene17_0116.png,0.9977231329690346,0.6518137674950014,0.7884996983511148,1.0,0.6555269922879178,0.7919254658385094
scene17_0147.png,0.8297872340425532,0.5128640090472152,0.6339218910309542,0.8232044198895028,0.5086231269437377,0.628761294438867
scene17_0166.png,0.9872641509433963,0.6192982456140351,0.7611418740374066,0.9872641509433963,0.6198830409356725,0.7615833909749529
scene17_0174.png,1.0,0.524390243902439,0.6880000000000001,1.0,0.5232100708103855,0.6869834710743802
scene18_0055.png,1.0,0.5319524019391803,0.6944764096662831,1.0,0.5310709563684443,0.6937248128957975
scene18_0062.png,0.9842788790157211,0.5861262665627436,0.7347297686057178,0.9603011635865846,0.5740452065471551,0.7185551978729349
scene18_0073.png,1.0,0.6392762909913305,0.7799494136583123,1.0,0.6392762909913305,0.7799494136583123
scene18_0087.png,1.0,0.6028951486697965,0.7522577495728582,1.0,0.6028951486697965,0.7522577495728582
scene18_0092.png,1.0,0.5568268497330282,0.7153356197942186,1.0,0.5564454614797865,0.7150208282283754
scene18_0096.png,0.9964328180737217,0.6966292134831461,0.8199867428427133,1.0,0.6962279293739968,0.8209131771942276
scene18_0100.png,0.9930835734870317,0.6116402116402117,0.757027287429235,1.0,0.6116402116402117,0.7590282337491793
scene18_0102.png,0.9966078697421981,0.584012417539775,0.736459447003764,1.0,0.5832363213038417,0.736764705882353
scene18_0114.png,0.9816106531388713,0.6331337325349301,0.7697699056665595,0.9854338188727042,0.6335329341317365,0.7712385415012337
scene18_0132.png,1.0,0.6738197424892703,0.805128205128205,1.0,0.6738197424892703,0.805128205128205
scene18_0139.png,0.9919254658385093,0.5790366350067843,0.731222202760485,0.9987608426270136,0.5848032564450475,0.7376759722203051
scene19_0058.png,1.0,0.6822469982847341,0.8111139434106551,1.0,0.6861063464837049,0.8138351983723295
scene19_0092.png,1.0,0.6973528249703674,0.8216945996275604,1.0,0.6985381272224417,0.8225168643870668
scene19_0108.png,1.0,0.5945017182130584,0.7456896551724137,1.0,0.5945017182130584,0.7456896551724137
scene19_0119.png,1.0,0.8857287963433215,0.9394021007271748,0.9994011976047904,0.8857287963433215,0.9391378023376037
scene19_0122.png,0.9989165763813651,0.7390804597701149,0.849575352762088,0.9994629430719656,0.7394636015325671,0.8500260919881621
scene19_0124.png,1.0,0.7799855491329479,0.8763953724375888,1.0,0.7799855491329479,0.8763953724375888
scene19_0130.png,0.9970267591674926,0.7615471273000376,0.8635211407698674,1.0,0.7619226436349982,0.8648763853367434
scene19_0144.png,1.0,0.7134959349593496,0.832795596887455,1.0,0.7134959349593496,0.832795596887455
scene19_0150.png,1.0,0.5795121951219512,0.733786287831995,0.999421965317919,0.5785365853658536,0.732848363987899
scene20_0033.png,0.2783119658119658,0.20763917106867127,0.23783652920595347,0.2799470549305096,0.16741162129215767,0.20952489728199286
scene20_0069.png,0.9913378248315688,0.7107577807848444,0.8279218512290203,0.9980787704130644,0.7138024357239513,0.8323370276058631
scene20_0076.png,1.0,0.6657084188911704,0.79930966469428,1.0,0.6480492813141684,0.7864440568153501
scene20_0114.png,0.9911180773249739,0.8148,0.8943517643951999,0.9973319103521878,0.7688,0.868280300224985
scene20_0136.png,0.9973958333333334,0.6639072847682119,0.7971794578994904,0.9984407484407485,0.6612582781456954,0.7955987194887246
scene20_0139.png,0.96875,0.8099927060539752,0.8822866076348399,0.9742120343839542,0.7676878191101386,0.8587069004304333
scene21_0008.png,1.0,0.7799650043744532,0.8763824035389531,1.0,0.7817147856517935,0.8774858826417874
scene21_0028.png,0.9987129987129987,0.5840248962655602,0.7370433946428345,0.9993523316062176,0.580567081604426,0.7344565321545878
scene21_0031.png,1.0,0.9917452830188679,0.9958555358200119,1.0,0.9893867924528302,0.9946650859513931
scene21_0032.png,0.9949494949494949,0.9563164108618654,0.9752505049825967,0.9987577639751553,0.9657615112160567,0.9819825334943911
scene21_0043.png,0.9974937343358395,0.8282025819265144,0.904999236591271,0.9993827160493827,0.8296921549155909,0.9066660008586244
scene21_0058.png,0.9380530973451328,0.9941588785046729,0.9652914140792621,1.0,0.9824766355140186,0.9911608721272834
scene21_0069.png,0.9634098871156092,0.8990793201133145,0.9301336114447423,0.9992006394884093,0.9043909348441926,0.9494347554681346
scene21_0070.png,0.7697401935812532,0.7284421152929966,0.7485219542602839,0.8211949411251636,0.8928060981419723,0.8555045585192507
scene21_0075.png,0.9892655367231639,0.7801932367149759,0.8723778057478498,0.9987819732034104,0.7125603864734299,0.8317359350152576
scene21_0077.png,0.7838888888888889,0.5125397386082656,0.61981693043093,0.9383116883116883,0.7873542917696927,0.8562302824965391
scene21_0088.png,0.8006202924235711,0.8069286016054077,0.8037620695481239,0.9910802775024777,0.8969159273341782,0.941649865483343
scene21_0095.png,0.9707112970711297,0.7418595527657905,0.8409946353792758,0.9747899159663865,0.7426441741859553,0.8430274632355058
scene21_0102.png,0.8949771689497716,0.7342733188720173,0.8066995972338323,0.8328236493374108,0.6044830079537238,0.7005154287607299
scene21_0129.png,0.7591499409681228,0.8527166591827571,0.80321758813109,0.8967629046369204,0.9137853614728334,0.905194111980003
scene21_0133.png,0.9573947110675808,0.9612810707456979,0.9593339549129475,0.9969727547931383,0.9765774378585086,0.9866697103684728
scene21_0157.png,0.9820061255742726,0.975139146567718,0.9785605890856878,0.9996081504702194,0.9795918367346939,0.9894987777530859
scene23_0004.png,0.6908305328852616,0.5038402457757296,0.5827014968398402,0.6605410923940787,0.42242703533026116,0.5153067910875168
scene23_0021.png,0.703037120359955,0.4782142857142857,0.569230889571418,0.9816824966078698,0.6114285714285714,0.7535302949557481
scene23_0027.png,0.9816824966078698,0.4593273929290026,0.6258300725414825,1.0,0.43978154642138545,0.610900379317229
scene23_0039.png,0.9112801013941698,0.4549777117384844,0.6069310364410373,0.9892617449664429,0.46953937592867756,0.6368206545888073
scene23_0045.png,0.8711364717070851,0.6040044493882091,0.7133831045033214,0.9994617868675996,0.603726362625139,0.7527518580514942
scene23_0068.png,0.9994786235662148,0.631219512195122,0.7737672538913761,1.0,0.6334959349593496,0.7756320923750747
scene23_0080.png,0.9973063973063973,0.6394037066881547,0.7792234013649646,0.9973262032085561,0.6410153102336825,0.7804250338633105
scene23_0091.png,0.9949843260188088,0.698744769874477,0.8209578445554767,0.9943785134291068,0.703347280334728,0.8239180032637737
scene23_0095.png,1.0,0.45977961432506886,0.6299301755048122,1.0,0.4644628099173554,0.6343115124153499
scene23_0103.png,0.9963617463617463,0.5992051360440233,0.7483548102697721,1.0,0.5701620299602568,0.7262461059190031
scene23_0109.png,1.0,0.6407920792079208,0.7810765146029447,1.0,0.6407920792079208,0.7810765146029447
scene23_0116.png,1.0,0.7852431986809563,0.8797044562456707,1.0,0.7856553998351196,0.8799630655586335
scene23_0136.png,1.0,0.6487111698612029,0.786931248747244,1.0,0.6520158625247852,0.7893578715743148
scene23_0155.png,1.0,0.6160646627936348,0.7624257580493905,1.0,0.6175801970194493,0.7635852592129918
scene23_0157.png,1.0,0.49555375909458366,0.6627027027027026,1.0,0.5012126111560227,0.6677436725901993
scene24_0003.png,0.9792085848423877,0.5339663988312637,0.691082640665324,1.0,0.535427319211103,0.6974310180780209
scene24_0006.png,0.9901960784313726,0.5157641395908544,0.6782484986078927,0.9712778429073857,0.45342960288808665,0.6182407874728227
scene24_0014.png,0.592310772927513,0.45203800183879866,0.5127539472082202,0.7944621938232161,0.4737971192154459,0.5935913813353536
scene24_0024.png,0.9983286908077994,0.4261682242990654,0.5973420664044796,0.921967213114754,0.29158878504672897,0.44305380210279666
scene24_0048.png,0.6368852459016393,0.45081967213114754,0.527938033528111,0.7632687447346251,0.5234192037470726,0.6209889804057769
scene24_0052.png,0.9126703685007572,0.48767967145790553,0.6356850398246906,0.8947626040137053,0.4815195071868583,0.6261007748739429
scene24_0053.png,0.877337973031753,0.49514333096422647,0.6330258125681796,0.9370829361296473,0.48045486851457003,0.6352226478762837
scene24_0057.png,1.0,0.49168207024029575,0.6592317224287485,1.0,0.4942698706099815,0.6615536862939139
scene24_0060.png,1.0,0.704598235020901,0.8267029972752044,1.0,0.704598235020901,0.8267029972752044
scene24_0072.png,1.0,0.9043355325164939,0.9497649096758228,0.9968186638388123,0.8996229971724788,0.9457301138616979
scene24_0078.png,1.0,0.6539703034215623,0.7907884465261514,1.0,0.6555842479018722,0.7919672450770131
scene24_0095.png,1.0,0.7669944420692604,0.8681345269779821,1.0,0.7610089781958101,0.8642874484098082
scene24_0128.png,0.9995107632093934,0.6579451180599872,0.793533311545384,1.0,0.6566687938736439,0.7927580893682588
scene25_0006.png,0.9974858579509742,0.5544554455445545,0.7127350300541737,1.0,0.5599180607715945,0.7178813744801926
scene25_0014.png,1.0,0.5609671848013817,0.7187430847532641,1.0,0.5609671848013817,0.7187430847532641
scene25_0033.png,0.9981707317073171,0.5255150554675119,0.6885327038612457,1.0,0.526782884310618,0.6900560514843264
scene25_0044.png,0.9989939637826962,0.6054935104135225,0.7539907562266586,0.9825523429710867,0.6024750980984003,0.7469439378524514
scene25_0062.png,1.0,0.7366562009419152,0.8483615819209039,1.0,0.7366562009419152,0.8483615819209039
scene25_0063.png,1.0,0.6941852117731515,0.8194915254237288,1.0,0.6941852117731515,0.8194915254237288
scene25_0087.png,1.0,0.602641056422569,0.752059925093633,1.0,0.602641056422569,0.752059925093633
scene25_0088.png,1.0,0.5823754789272031,0.7360774818401937,1.0,0.5823754789272031,0.7360774818401937
scene25_0089.png,1.0,0.5481128867732064,0.7081045464528882,1.0,0.5481128867732064,0.7081045464528882
scene25_0093.png,1.0,0.69713400464756,0.8215426745778184,1.0,0.69713400464756,0.8215426745778184
scene25_0122.png,1.0,0.7193500738552437,0.8367697594501718,1.0,0.7193500738552437,0.8367697594501718
scene25_0136.png,1.0,0.6649454962707975,0.7987594762232942,0.9995687796463993,0.6675272518646013,0.8004810615765793
scene25_0139.png,1.0,0.7558893820416525,0.8609760839976668,1.0,0.7558893820416525,0.8609760839976668
scene25_0144.png,1.0,0.5967170904409398,0.7474299536383794,1.0,0.5967170904409398,0.7474299536383794
scene25_0146.png,1.0,0.72109375,0.8379482523831139,1.0,0.72109375,0.8379482523831139
scene26_0007.png,0.9330872173511767,0.5919003115264797,0.7243267294625148,0.997002997002997,0.602803738317757,0.7513371714701736
scene26_0023.png,0.9462765957446808,0.5201739550616091,0.6713195192570346,0.9864085667215815,0.7004107272287993,0.819164381199571
scene26_0028.png,0.9641646489104116,0.5869214208826695,0.7296679361949655,0.9717838354854137,0.589881593110872,0.7341359891033612
scene26_0033.png,0.9936336924583742,0.5322349570200573,0.6931744561106653,1.0,0.5601719197707736,0.7180899908172634
scene26_0049.png,0.9354663774403471,0.5386396526772793,0.6836404903594814,0.9557344064386318,0.5826338639652677,0.7239400875080351
scene26_0052.png,0.9388145315487572,0.5811783524393495,0.717922680348411,0.9651112080244222,0.6254332178085844,0.7590012558897472
scene26_0056.png,1.0,0.5319439699350871,0.6944692239072257,1.0,0.5319439699350871,0.6944692239072257
scene26_0064.png,1.0,0.648989898989899,0.7871362940275651,1.0,0.6408529741863075,0.7811217510259918
scene26_0066.png,1.0,0.5927240461401952,0.7442896935933148,1.0,0.5930198166223011,0.7445228369847753
scene26_0077.png,0.9899193548387096,0.5331501202335966,0.6930420859872682,0.9864864864864865,0.5310889728615596,0.6904593661194163
scene26_0093.png,0.9994493392070485,0.6578050443081118,0.7934120716776387,1.0,0.6687116564417178,0.801470588235294
scene26_0143.png,0.9970178926441352,0.5085439229843562,0.6735391202774194,0.9960629921259843,0.5075812274368231,0.6724767329530954
scene26_0148.png,0.9937993235625705,0.6904670011578541,0.8148184507659186,0.9971751412429378,0.6939405634890004,0.8183713006450198
scene26_0153.png,1.0,0.5759179622891167,0.730898404701931,1.0,0.5752563678465101,0.7303653926921462
scene26_0154.png,1.0,0.5940532081377152,0.7453367366974278,1.0,0.5959311424100157,0.7468131006079624
scene26_0158.png,1.0,0.49227871939736345,0.6597677940434125,1.0,0.4919020715630885,0.6594294370108559
scene28_0001.png,0.9939024390243902,0.5720274390243902,0.726136559248289,1.0,0.5701219512195121,0.7262135922330096
scene28_0017.png,0.954031117397454,0.4204167925098158,0.5836390007066234,0.976056338028169,0.4475989127151918,0.613746558967928
scene28_0020.png,0.9735799207397622,0.4752505314303067,0.6387143147473479,0.9762820512820513,0.5071363498329791,0.6675232227434666
scene28_0028.png,0.998745294855709,0.5370428258830885,0.698493481286632,0.9868090452261307,0.5220381369177868,0.6828417901559667
scene28_0040.png,0.9926238145416227,0.5242616033755274,0.6861356123719379,0.995822454308094,0.5276898734177216,0.6898341618866557
scene28_0049.png,0.9898074745186863,0.6027263875365141,0.7492249900462201,0.9977426636568849,0.6037000973709834,0.7522433618723184
scene28_0075.png,1.0,0.5474093264248705,0.7075171605558346,0.9980925131139723,0.5582901554404145,0.7160516954456714
scene28_0082.png,0.949244060475162,0.5433803662563794,0.6911324456576865,0.9599783666846944,0.5556889822876013,0.703913562514676
scene28_0094.png,0.9974173553719008,0.5991458206223307,0.7486060669226052,1.0,0.6079926784624771,0.7562132422690191
scene28_0097.png,0.9832123411978222,0.5995623632385121,0.7448907456020676,0.985947416137806,0.6039387308533917,0.7490496502750446
scene29_0005.png,1.0,0.44070127191474734,0.6117871629682653,1.0,0.44070127191474734,0.6117871629682653
scene29_0010.png,1.0,0.5819813600276148,0.7357626009164303,1.0,0.5826717293752157,0.7363140676117775
scene29_0011.png,0.9979402677651905,0.6021671826625387,0.7511081575740789,1.0,0.6037151702786377,0.752895752895753
scene29_0022.png,1.0,0.5245901639344263,0.6881720430107526,1.0,0.5245901639344263,0.6881720430107526
scene29_0028.png,1.0,0.5672751859364435,0.7238999137187231,1.0,0.5669371196754563,0.7236245954692556
scene29_0035.png,1.0,0.5780710021991832,0.7326299024487358,1.0,0.5780710021991832,0.7326299024487358
scene29_0043.png,1.0,0.573044925124792,0.7285804950285594,1.0,0.573044925124792,0.7285804950285594
scene29_0070.png,1.0,0.6052009456264775,0.7540500736377025,1.0,0.6052009456264775,0.7540500736377025
scene29_0076.png,1.0,0.5917560700169395,0.7435260730755586,1.0,0.5917560700169395,0.7435260730755586
scene29_0079.png,1.0,0.6109756097560975,0.7585162755488267,1.0,0.6109756097560975,0.7585162755488267
scene30_0016.png,0.9974424552429667,0.5581313663505444,0.7157537786673704,1.0,0.5623463294696172,0.7198741007194245
scene30_0017.png,0.7084893882646691,0.34205776173285196,0.46136776319246997,0.716875,0.3456678700361011,0.46642947088565134
scene30_0034.png,1.0,0.5333794534763058,0.6956914053688247,1.0,0.5340712556208924,0.6962795941375423
scene30_0037.png,0.9897209985315712,0.5166174298375185,0.678874161195229,1.0,0.526218611521418,0.6895717396564239
streetlamp_0007.png,0.7090909090909091,0.3869924541861301,0.5007152564194263,0.7185792349726776,0.37549407114624506,0.4932434433268515
streetlamp_0010.png,0.9844623990055935,0.5678679690131357,0.7202650603384455,1.0,0.5483327719770966,0.708288013922123
streetlamp_0012.png,0.8634294385432474,0.6185819070904646,0.720779675952815,0.9470524017467249,0.6322039818372337,0.758243317065515
streetlamp_0020.png,0.9915857605177993,0.608531131750946,0.7542084056377475,1.0,0.6081871345029239,0.7563636363636363
